,30 yr Mortgage Rate,10 yr Treasury Bond Rate
1971-04-02,7.33,5.6
1971-04-16,7.31,5.82
1971-04-23,7.31,6.01
1971-04-30,7.29,6.08
1971-05-07,7.38,6.25
1971-05-14,7.42,6.49
1971-05-21,7.44,6.53
1971-05-28,7.46,6.38
1971-06-04,7.52,6.26
1971-06-11,7.52,6.5
1971-06-18,7.54,6.58
1971-06-25,7.54,6.62
1971-07-02,7.54,6.69
1971-07-09,7.54,6.68
1971-07-16,7.6,6.66
1971-07-23,7.65,6.84
1971-07-30,7.69,6.85
1971-08-06,7.66,6.86
1971-08-13,7.73,6.68
1971-08-20,7.71,6.37
1971-08-27,7.69,6.33
1971-09-03,7.71,6.12
1971-09-10,7.67,6.12
1971-09-17,7.7,6.13
1971-09-24,7.67,6.16
1971-10-01,7.67,6.0
1971-10-08,7.63,5.94
1971-10-15,7.63,5.9
1971-10-22,7.58,5.9
1971-10-29,7.63,5.87
1971-11-05,7.59,5.72
1971-11-12,7.56,5.77
1971-11-19,7.54,5.79
1971-11-26,7.51,5.94
1971-12-03,7.49,5.88
1971-12-10,7.47,5.93
1971-12-17,7.48,5.93
1971-12-31,7.48,5.89
1972-01-07,7.46,5.88
1972-01-14,7.46,5.85
1972-01-21,7.43,5.99
1972-01-28,7.4,6.08
1972-02-04,7.35,6.08
1972-02-11,7.33,6.12
1972-02-18,7.31,6.06
1972-02-25,7.31,6.06
1972-03-03,7.32,6.02
1972-03-10,7.32,6.03
1972-03-17,7.31,6.08
1972-03-24,7.31,6.12
1972-04-07,7.25,6.18
1972-04-14,7.29,6.25
1972-04-21,7.29,6.2
1972-04-28,7.33,6.14
1972-05-05,7.33,6.17
1972-05-12,7.38,6.16
1972-05-19,7.38,6.1
1972-05-26,7.4,6.04
1972-06-02,7.36,6.09
1972-06-09,7.38,6.11
1972-06-16,7.38,6.1
1972-06-23,7.36,6.1
1972-06-30,7.38,6.15
1972-07-07,7.38,6.13
1972-07-14,7.4,6.1
1972-07-21,7.4,6.1
1972-07-28,7.4,6.12
1972-08-04,7.35,6.16
1972-08-11,7.41,6.14
1972-08-18,7.42,6.21
1972-08-25,7.42,6.26
1972-09-01,7.42,6.43
1972-09-08,7.42,6.56
1972-09-15,7.42,6.56
1972-09-22,7.41,6.62
1972-09-29,7.43,6.54
1972-10-06,7.41,6.52
1972-10-13,7.41,6.5
1972-10-20,7.44,6.47
1972-10-27,7.42,6.42
1972-11-03,7.43,6.3
1972-11-10,7.42,6.3
1972-11-17,7.42,6.24
1972-11-24,7.44,6.27
1972-12-01,7.45,6.29
1972-12-08,7.43,6.32
1972-12-15,7.43,6.35
1972-12-22,7.45,6.4
1972-12-29,7.45,6.41
1973-01-05,7.44,6.42
1973-01-12,7.44,6.44
1973-01-19,7.44,6.49
1973-01-26,7.43,6.53
1973-02-02,7.43,6.64
1973-02-09,7.43,6.63
1973-02-16,7.45,6.63
1973-02-23,7.45,6.61
1973-03-02,7.45,6.67
1973-03-09,7.45,6.68
1973-03-16,7.45,6.77
1973-03-23,7.45,6.76
1973-03-30,7.49,6.73
1973-04-06,7.51,6.64
1973-04-13,7.54,6.63
1973-04-27,7.56,6.69
1973-05-04,7.58,6.79
1973-05-11,7.64,6.82
1973-05-18,7.69,6.86
1973-05-24,7.7,6.91
1973-06-01,7.7,6.96
1973-06-08,7.73,6.87
1973-06-15,7.73,6.86
1973-06-22,7.75,6.91
1973-06-29,7.76,6.94
1973-07-06,7.89,7.03
1973-07-13,8.01,7.05
1973-07-20,8.12,7.17
1973-07-27,8.18,7.35
1973-08-03,8.26,7.53
1973-08-10,8.4,7.52
1973-08-17,8.55,7.28
1973-08-24,8.61,7.23
1973-08-31,8.66,7.25
1973-09-07,8.77,7.11
1973-09-14,8.81,7.21
1973-09-21,8.83,7.02
1973-09-28,8.85,6.9
1973-10-05,8.82,6.86
1973-10-12,8.83,6.75
1973-10-19,8.75,6.8
1973-10-26,8.68,6.72
1973-11-02,8.62,6.72
1973-11-09,8.59,6.76
1973-11-16,8.58,6.72
1973-11-23,8.57,6.7
1973-11-30,8.55,6.69
1973-12-07,8.53,6.74
1973-12-14,8.53,6.68
1973-12-21,8.53,6.78
1973-12-28,8.56,6.91
1974-01-04,8.56,6.94
1974-01-11,8.53,7.01
1974-01-18,8.55,6.98
1974-01-25,8.52,7.02
1974-02-01,8.48,7.0
1974-02-08,8.46,6.93
1974-02-15,8.46,6.93
1974-02-22,8.42,6.97
1974-03-01,8.41,7.08
1974-03-08,8.41,7.06
1974-03-15,8.4,7.18
1974-03-22,8.4,7.35
1974-03-29,8.41,7.41
1974-04-05,8.44,7.54
1974-04-19,8.63,7.51
1974-04-26,8.73,7.64
1974-05-03,8.87,7.65
1974-05-10,8.98,7.63
1974-05-17,8.97,7.57
1974-05-24,9.01,7.49
1974-05-31,9.03,7.52
1974-06-07,9.06,7.46
1974-06-14,9.11,7.5
1974-06-21,9.07,7.55
1974-06-28,9.1,7.64
1974-07-05,9.14,7.71
1974-07-12,9.19,7.85
1974-07-19,9.37,7.87
1974-07-26,9.42,7.79
1974-08-02,9.47,7.96
1974-08-09,9.5,8.03
1974-08-16,9.6,8.0
1974-08-23,9.62,8.15
1974-08-30,9.74,8.11
1974-09-06,9.88,8.09
1974-09-13,9.92,8.13
1974-09-20,10.0,8.02
1974-09-27,10.03,7.94
1974-10-04,10.02,8.02
1974-10-11,9.96,7.88
1974-10-18,9.99,7.86
1974-10-25,9.94,7.86
1974-11-01,9.87,7.8
1974-11-08,9.81,7.72
1974-11-15,9.81,7.61
1974-11-22,9.73,7.6
1974-11-29,9.72,7.64
1974-12-06,9.69,7.59
1974-12-13,9.63,7.38
1974-12-20,9.58,7.27
1974-12-27,9.56,7.39
1975-01-03,9.6,7.43
1975-01-10,9.49,7.37
1975-01-17,9.43,7.53
1975-01-24,9.35,7.64
1975-01-31,9.29,7.53
1975-02-07,9.2,7.38
1975-02-14,9.13,7.35
1975-02-21,9.07,7.22
1975-02-28,9.02,7.46
1975-03-07,9.0,7.52
1975-03-14,8.89,7.58
1975-03-21,8.86,7.84
1975-04-04,8.83,8.15
1975-04-11,8.81,8.22
1975-04-18,8.8,8.27
1975-04-25,8.84,8.25
1975-05-02,8.92,8.11
1975-05-09,8.88,8.08
1975-05-16,8.92,8.01
1975-05-23,8.92,8.02
1975-05-30,8.89,8.04
1975-06-06,8.89,7.88
1975-06-13,8.9,7.69
1975-06-20,8.88,7.94
1975-06-27,8.9,7.95
1975-07-03,8.88,8.05
1975-07-11,8.9,7.99
1975-07-18,8.89,8.06
1975-07-25,8.89,8.12
1975-08-01,8.89,8.26
1975-08-08,8.89,8.4
1975-08-15,8.93,8.48
1975-08-22,8.98,8.46
1975-08-29,9.02,8.22
1975-09-05,9.08,8.35
1975-09-12,9.16,8.57
1975-09-19,9.14,8.42
1975-09-26,9.14,8.45
1975-10-03,9.2,8.33
1975-10-10,9.21,8.15
1975-10-17,9.21,8.07
1975-10-24,9.26,8.0
1975-10-31,9.24,7.91
1975-11-07,9.19,7.91
1975-11-14,9.16,8.06
1975-11-21,9.12,8.21
1975-11-28,9.11,8.14
1975-12-05,9.11,8.13
1975-12-12,9.11,8.12
1975-12-19,9.08,7.88
1975-12-26,9.09,7.75
1976-01-02,9.1,7.77
1976-01-09,9.07,7.64
1976-01-16,9.01,7.79
1976-01-23,9.0,7.78
1976-01-30,8.9,7.8
1976-02-06,8.86,7.88
1976-02-13,8.83,7.82
1976-02-20,8.81,7.77
1976-02-27,8.75,7.77
1976-03-05,8.77,7.8
1976-03-12,8.75,7.71
1976-03-19,8.75,7.74
1976-03-26,8.75,7.64
1976-04-02,8.7,7.67
1976-04-09,8.7,7.52
1976-04-23,8.75,7.59
1976-04-30,8.75,7.67
1976-05-07,8.75,7.87
1976-05-14,8.75,7.93
1976-05-21,8.78,8.0
1976-05-28,8.78,7.96
1976-06-04,8.78,7.89
1976-06-11,8.83,7.86
1976-06-18,8.88,7.81
1976-06-25,8.9,7.83
1976-07-02,8.93,7.84
1976-07-09,8.93,7.78
1976-07-16,8.93,7.83
1976-07-23,8.9,7.84
1976-07-30,8.98,7.86
1976-08-06,9.0,7.84
1976-08-13,9.0,7.78
1976-08-20,9.0,7.76
1976-08-27,9.0,7.72
1976-09-03,9.0,7.65
1976-09-10,8.97,7.64
1976-09-17,8.97,7.49
1976-09-24,8.97,7.58
1976-10-01,8.9,7.49
1976-10-08,8.95,7.38
1976-10-15,8.95,7.31
1976-10-22,8.95,7.48
1976-10-29,8.9,7.42
1976-11-05,8.85,7.41
1976-11-12,8.8,7.43
1976-11-19,8.8,7.24
1976-11-26,8.8,6.99
1976-12-03,8.8,6.86
1976-12-10,8.8,6.82
1976-12-17,8.8,6.88
1976-12-31,8.78,6.81
1977-01-07,8.7,7.07
1977-01-14,8.73,7.28
1977-01-21,8.73,7.28
1977-01-28,8.73,7.4
1977-02-04,8.68,7.28
1977-02-11,8.7,7.36
1977-02-18,8.65,7.41
1977-02-25,8.65,7.48
1977-03-04,8.65,7.48
1977-03-11,8.7,7.44
1977-03-18,8.7,7.44
1977-03-25,8.7,7.48
1977-04-01,8.7,7.43
1977-04-15,8.75,7.25
1977-04-22,8.78,7.36
1977-04-29,8.78,7.45
1977-05-06,8.78,7.5
1977-05-13,8.83,7.48
1977-05-20,8.85,7.49
1977-05-27,8.85,7.38
1977-06-03,8.85,7.36
1977-06-10,8.85,7.3
1977-06-17,8.85,7.24
1977-06-24,8.88,7.2
1977-07-01,8.95,7.34
1977-07-08,8.93,7.31
1977-07-15,8.95,7.31
1977-07-22,8.95,7.31
1977-07-29,8.93,7.42
1977-08-05,8.95,7.42
1977-08-12,8.95,7.48
1977-08-19,8.93,7.4
1977-08-26,8.93,7.27
1977-09-02,8.88,7.24
1977-09-09,8.9,7.36
1977-09-16,8.9,7.32
1977-09-23,8.9,7.39
1977-09-30,8.9,7.41
1977-10-07,8.93,7.48
1977-10-14,8.93,7.54
1977-10-21,8.93,7.55
1977-10-28,8.9,7.56
1977-11-04,8.9,7.64
1977-11-18,8.93,7.54
1977-11-25,8.93,7.52
1977-12-02,8.95,7.59
1977-12-09,8.95,7.63
1977-12-16,8.95,7.67
1977-12-23,8.95,7.75
1977-12-30,9.0,7.78
1978-01-06,9.0,7.85
1978-01-13,9.03,7.98
1978-01-20,8.98,7.97
1978-01-27,9.05,7.97
1978-02-03,9.13,7.97
1978-02-10,9.15,8.02
1978-02-17,9.15,8.09
1978-02-24,9.15,8.04
1978-03-03,9.15,8.04
1978-03-10,9.15,8.0
1978-03-17,9.23,8.0
1978-03-31,9.25,8.15
1978-04-07,9.28,8.14
1978-04-14,9.33,8.12
1978-04-21,9.38,8.16
1978-04-28,9.43,8.24
1978-05-05,9.48,8.34
1978-05-12,9.55,8.36
1978-05-19,9.58,8.38
1978-05-26,9.68,8.42
1978-06-02,9.68,8.39
1978-06-09,9.7,8.41
1978-06-16,9.73,8.43
1978-06-23,9.7,8.55
1978-06-30,9.73,8.62
1978-07-07,9.73,8.66
1978-07-14,9.73,8.68
1978-07-21,9.75,8.67
1978-07-28,9.75,8.55
1978-08-04,9.78,8.38
1978-08-11,9.78,8.44
1978-08-18,9.78,8.46
1978-08-25,9.8,8.34
1978-09-01,9.75,8.38
1978-09-08,9.75,8.34
1978-09-15,9.75,8.35
1978-09-22,9.75,8.56
1978-09-29,9.78,8.56
1978-10-06,9.85,8.58
1978-10-13,9.85,8.52
1978-10-20,9.85,8.66
1978-10-27,9.88,8.78
1978-11-03,9.9,8.86
1978-11-10,10.05,8.86
1978-11-17,10.2,8.72
1978-11-24,10.28,8.86
1978-12-01,10.3,8.8
1978-12-08,10.35,8.9
1978-12-15,10.35,9.0
1978-12-22,10.35,9.11
1978-12-29,10.38,9.15
1979-01-05,10.38,9.1
1979-01-12,10.38,9.14
1979-01-19,10.4,9.15
1979-01-26,10.4,8.93
1979-02-02,10.4,8.89
1979-02-09,10.43,9.11
1979-02-16,10.4,9.11
1979-02-23,10.4,9.21
1979-03-02,10.43,9.16
1979-03-09,10.4,9.11
1979-03-16,10.4,9.12
1979-03-23,10.45,9.12
1979-03-30,10.45,9.11
1979-04-06,10.48,9.1
1979-04-20,10.5,9.19
1979-04-27,10.53,9.32
1979-05-04,10.6,9.39
1979-05-11,10.68,9.34
1979-05-18,10.73,9.23
1979-05-25,10.75,9.01
1979-06-01,10.9,9.05
1979-06-08,11.03,8.9
1979-06-15,11.05,8.96
1979-06-22,11.1,8.98
1979-06-29,11.1,8.81
1979-07-06,11.13,8.82
1979-07-13,11.08,8.94
1979-07-20,11.08,8.98
1979-07-27,11.08,9.02
1979-08-03,11.08,8.92
1979-08-10,11.08,9.0
1979-08-17,11.08,9.01
1979-08-24,11.1,9.14
1979-08-31,11.13,9.24
1979-09-07,11.2,9.34
1979-09-14,11.3,9.29
1979-09-21,11.35,9.26
1979-09-28,11.35,9.44
1979-10-05,11.35,9.6
1979-10-12,11.45,10.15
1979-10-19,11.75,10.68
1979-10-26,12.0,10.67
1979-11-02,12.8,10.84
1979-11-09,12.85,10.68
1979-11-16,12.8,10.77
1979-11-23,12.8,10.51
1979-11-30,12.9,10.38
1979-12-07,12.9,10.3
1979-12-14,12.9,10.45
1979-12-21,12.9,10.39
1979-12-28,12.9,10.41
1980-01-04,12.85,10.66
1980-01-11,12.9,10.68
1980-01-18,12.87,10.82
1980-01-25,12.89,11.1
1980-02-01,12.85,11.29
1980-02-08,12.85,11.8
1980-02-15,12.88,12.2
1980-02-22,13.03,13.06
1980-02-29,13.59,12.72
1980-03-07,14.0,12.86
1980-03-14,15.4,12.52
1980-03-21,15.7,12.75
1980-03-28,16.03,12.72
1980-04-11,16.35,11.79
1980-04-18,16.35,11.05
1980-04-25,16.25,10.95
1980-05-02,15.9,10.24
1980-05-09,14.68,10.3
1980-05-16,14.15,10.37
1980-05-23,13.38,9.85
1980-05-30,13.2,10.25
1980-06-06,13.06,9.81
1980-06-13,12.85,9.51
1980-06-20,12.58,9.49
1980-06-27,12.35,10.04
1980-07-11,12.23,10.28
1980-07-18,12.18,10.2
1980-07-25,12.18,10.35
1980-08-01,12.25,10.76
1980-08-08,12.25,10.87
1980-08-15,12.55,10.86
1980-08-22,12.8,11.13
1980-08-29,12.95,11.55
1980-09-05,13.03,11.21
1980-09-12,13.08,11.37
1980-09-19,13.25,11.33
1980-09-26,13.43,11.99
1980-10-03,13.6,11.4
1980-10-10,13.73,11.44
1980-10-17,13.78,11.62
1980-10-24,13.85,11.74
1980-10-31,14.0,12.46
1980-11-07,14.08,12.66
1980-11-14,14.18,12.79
1980-11-21,14.28,12.8
1980-11-28,14.28,12.72
1980-12-05,14.43,12.85
1980-12-12,14.83,13.21
1980-12-19,14.95,12.64
1980-12-26,14.95,12.25
1981-01-02,14.95,12.42
1981-01-09,14.8,12.57
1981-01-16,14.85,12.53
1981-01-23,14.85,12.84
1981-01-30,15.07,12.68
1981-02-06,15.0,13.09
1981-02-13,15.03,13.65
1981-02-20,15.2,12.9
1981-02-27,15.3,13.43
1981-03-06,15.4,13.2
1981-03-13,15.4,12.86
1981-03-20,15.4,12.77
1981-03-27,15.4,13.36
1981-04-03,15.4,13.4
1981-04-10,15.5,13.59
1981-04-24,15.77,13.88
1981-05-01,15.82,14.05
1981-05-08,16.12,14.23
1981-05-15,16.64,14.07
1981-05-22,16.63,13.82
1981-05-29,16.8,13.5
1981-06-05,16.76,13.56
1981-06-12,16.69,13.35
1981-06-19,16.71,13.46
1981-06-26,16.62,13.69
1981-07-10,16.79,13.94
1981-07-17,16.74,14.09
1981-07-24,16.88,14.41
1981-07-31,17.11,14.67
1981-08-07,17.13,14.83
1981-08-14,17.27,14.74
1981-08-21,17.26,14.97
1981-08-28,17.48,15.25
1981-09-04,17.79,15.51
1981-09-11,18.22,15.05
1981-09-18,18.27,14.91
1981-09-25,18.36,15.68
1981-10-02,18.28,15.41
1981-10-09,18.63,14.73
1981-10-16,18.53,14.94
1981-10-21,18.39,15.34
1981-10-30,18.44,14.63
1981-11-06,18.37,13.94
1981-11-13,18.02,13.18
1981-11-20,17.7,13.14
1981-11-27,17.21,12.92
1981-12-04,16.9,13.15
1981-12-11,16.94,13.84
1981-12-18,16.9,13.51
1981-12-31,17.04,13.98
1982-01-08,17.3,14.48
1982-01-15,17.44,14.82
1982-01-22,17.61,14.69
1982-01-29,17.59,14.14
1982-02-05,17.56,14.65
1982-02-19,17.66,14.24
1982-02-26,17.52,14.03
1982-03-05,17.29,13.59
1982-03-12,17.19,13.97
1982-03-19,17.12,13.89
1982-03-26,17.04,14.01
1982-04-02,16.95,14.1
1982-04-16,16.93,13.71
1982-04-23,16.86,13.69
1982-04-30,16.81,13.87
1982-05-07,16.78,13.48
1982-05-14,16.63,13.48
1982-05-21,16.67,13.52
1982-05-28,16.63,13.71
1982-06-04,16.65,13.98
1982-06-11,16.7,13.93
1982-06-18,16.71,14.62
1982-06-25,16.73,14.76
1982-07-02,16.87,14.5
1982-07-09,16.93,14.03
1982-07-16,16.88,13.7
1982-07-23,16.75,13.56
1982-07-30,16.65,13.68
1982-08-06,16.55,13.85
1982-08-13,16.44,13.2
1982-08-20,16.21,12.24
1982-08-27,15.88,12.77
1982-09-03,15.59,12.47
1982-09-10,15.56,12.73
1982-09-17,15.38,12.51
1982-09-24,15.19,12.09
1982-10-01,15.13,11.51
1982-10-08,14.96,10.83
1982-10-15,14.6,10.75
1982-10-22,14.2,10.81
1982-10-29,14.15,10.71
1982-11-05,13.91,10.48
1982-11-12,13.84,10.58
1982-11-19,13.78,10.42
1982-11-26,13.77,10.51
1982-12-03,13.66,10.47
1982-12-10,13.66,10.66
1982-12-17,13.63,10.64
1982-12-31,13.57,10.36
1983-01-07,13.46,10.36
1983-01-14,13.31,10.28
1983-01-21,13.12,10.61
1983-01-28,13.1,10.71
1983-02-04,13.06,10.99
1983-02-11,13.06,10.8
1983-02-18,13.07,10.6
1983-02-25,12.98,10.26
1983-03-04,12.74,10.27
1983-03-11,12.79,10.59
1983-03-18,12.81,10.58
1983-03-25,12.86,10.64
1983-04-08,12.82,10.51
1983-04-15,12.79,10.33
1983-04-22,12.75,10.42
1983-04-29,12.73,10.27
1983-05-06,12.71,10.13
1983-05-13,12.59,10.22
1983-05-20,12.55,10.54
1983-05-27,12.68,10.62
1983-06-03,12.74,10.79
1983-06-10,12.82,10.89
1983-06-17,12.96,10.68
1983-06-24,12.96,11.02
1983-07-01,13.08,10.93
1983-07-08,13.3,11.33
1983-07-15,13.5,11.51
1983-07-22,13.58,11.43
1983-07-29,13.65,11.76
1983-08-05,13.73,12.1
1983-08-12,13.84,11.96
1983-08-19,13.89,11.72
1983-08-26,13.78,11.65
1983-09-02,13.77,12.01
1983-09-09,13.77,11.73
1983-09-16,13.72,11.68
1983-09-23,13.72,11.49
1983-09-30,13.65,11.44
1983-10-07,13.59,11.33
1983-10-14,13.6,11.58
1983-10-21,13.52,11.43
1983-10-28,13.43,11.68
1983-11-04,13.42,11.85
1983-11-18,13.42,11.72
1983-11-25,13.43,11.55
1983-12-02,13.41,11.75
1983-12-09,13.38,11.9
1983-12-16,13.42,11.88
1983-12-23,13.46,11.79
1983-12-30,13.43,11.82
1984-01-06,13.43,11.73
1984-01-13,13.4,11.59
1984-01-20,13.35,11.64
1984-01-27,13.29,11.63
1984-02-03,13.26,11.6
1984-02-10,13.23,11.83
1984-02-17,13.19,11.92
1984-02-24,13.25,11.99
1984-03-02,13.23,11.99
1984-03-09,13.3,12.28
1984-03-16,13.37,12.34
1984-03-23,13.48,12.48
1984-03-30,13.55,12.53
1984-04-06,13.63,12.51
1984-04-13,13.58,12.57
1984-04-27,13.73,12.79
1984-05-04,13.78,13.07
1984-05-11,13.87,13.46
1984-05-18,14.04,13.45
1984-05-25,14.08,13.75
1984-06-01,14.29,13.63
1984-06-08,14.33,13.46
1984-06-15,14.47,13.21
1984-06-22,14.49,13.74
1984-06-29,14.5,13.84
1984-07-06,14.66,13.75
1984-07-13,14.68,13.3
1984-07-20,14.66,13.36
1984-07-27,14.67,12.95
1984-08-03,14.68,12.61
1984-08-10,14.54,12.68
1984-08-17,14.39,12.7
1984-08-24,14.36,12.66
1984-08-31,14.38,12.79
1984-09-07,14.42,12.7
1984-09-14,14.43,12.42
1984-09-21,14.29,12.45
1984-09-28,14.26,12.47
1984-10-05,14.18,12.39
1984-10-12,14.19,12.28
1984-10-19,14.1,11.93
1984-10-26,14.05,11.99
1984-11-02,13.85,11.66
1984-11-09,13.74,11.71
1984-11-16,13.63,11.69
1984-11-23,13.55,11.24
1984-11-30,13.42,11.58
1984-12-07,13.2,11.7
1984-12-14,13.2,11.56
1984-12-21,13.18,11.34
1984-12-28,13.14,11.46
1985-01-04,13.1,11.67
1985-01-11,13.12,11.59
1985-01-18,13.12,11.39
1985-01-25,12.96,11.11
1985-02-01,12.93,11.29
1985-02-08,12.91,11.37
1985-02-15,12.9,11.38
1985-02-22,12.94,11.76
1985-03-01,13.02,11.86
1985-03-08,13.1,11.71
1985-03-15,13.2,11.93
1985-03-22,13.24,11.88
1985-03-29,13.29,11.65
1985-04-12,13.23,11.43
1985-04-19,13.16,11.16
1985-04-26,13.12,11.35
1985-05-03,13.07,11.21
1985-05-10,13.02,11.04
1985-05-17,12.94,10.84
1985-05-24,12.83,10.57
1985-05-31,12.71,10.28
1985-06-07,12.39,10.19
1985-06-14,12.27,9.98
1985-06-21,12.05,10.34
1985-06-28,12.15,10.25
1985-07-05,12.13,9.93
1985-07-12,12.03,10.23
1985-07-19,11.94,10.34
1985-07-26,12.03,10.59
1985-08-02,12.17,10.66
1985-08-09,12.23,10.37
1985-08-16,12.24,10.26
1985-08-23,12.18,10.14
1985-08-30,12.11,10.28
1985-09-06,12.15,10.5
1985-09-13,12.24,10.4
1985-09-20,12.21,10.36
1985-10-04,12.17,10.36
1985-10-11,12.17,10.34
1985-10-18,12.13,10.17
1985-10-25,12.07,10.21
1985-11-01,12.01,9.98
1985-11-08,11.9,9.84
1985-11-15,11.79,9.92
1985-11-22,11.64,9.66
1985-11-29,11.58,9.59
1985-12-06,11.5,9.65
1985-12-13,11.31,9.21
1985-12-20,11.14,9.04
1985-12-27,11.09,8.99
1986-01-03,10.81,9.05
1986-01-10,10.77,9.39
1986-01-17,10.99,9.24
1986-01-24,10.97,9.23
1986-01-31,10.89,9.08
1986-02-07,10.85,9.11
1986-02-14,10.8,8.68
1986-02-21,10.68,8.48
1986-02-28,10.51,8.13
1986-03-07,10.2,7.96
1986-03-14,10.01,7.72
1986-03-21,10.01,7.8
1986-04-04,9.99,7.45
1986-04-11,9.98,7.29
1986-04-18,9.92,7.09
1986-04-25,9.86,7.58
1986-05-02,9.9,7.51
1986-05-09,10.0,7.48
1986-05-16,10.08,7.99
1986-05-23,10.36,7.84
1986-05-30,10.38,8.05
1986-06-06,10.74,7.95
1986-06-13,10.76,7.73
1986-06-20,10.61,7.6
1986-06-27,10.62,7.38
1986-07-11,10.59,7.3
1986-07-18,10.43,7.16
1986-07-25,10.4,7.33
1986-08-01,10.4,7.34
1986-08-08,10.4,7.3
1986-08-15,10.23,7.14
1986-08-22,10.04,7.07
1986-08-29,9.93,6.95
1986-09-05,9.9,7.32
1986-09-12,9.96,7.63
1986-09-19,10.07,7.67
1986-09-26,10.1,7.47
1986-10-03,10.08,7.31
1986-10-10,9.99,7.36
1986-10-17,9.96,7.57
1986-10-24,9.95,7.47
1986-10-31,9.89,7.34
1986-11-07,9.83,7.4
1986-11-14,9.81,7.29
1986-11-21,9.64,7.17
1986-11-28,9.5,7.15
1986-12-05,9.3,7.12
1986-12-12,9.35,7.13
1986-12-19,9.3,7.1
1986-12-26,9.29,7.08
1987-01-02,9.37,7.18
1987-01-09,9.32,7.01
1987-01-16,9.21,7.03
1987-01-23,9.04,7.06
1987-01-30,9.08,7.18
1987-02-06,9.06,7.19
1987-02-13,9.09,7.28
1987-02-20,9.11,7.24
1987-02-27,9.07,7.19
1987-03-06,9.03,7.23
1987-03-13,9.05,7.19
1987-03-20,9.03,7.22
1987-03-27,9.03,7.33
1987-04-03,9.26,7.59
1987-04-10,9.43,7.98
1987-04-24,10.37,8.47
1987-05-01,10.47,8.39
1987-05-08,10.52,8.43
1987-05-15,10.48,8.8
1987-05-22,10.81,8.78
1987-05-29,10.7,8.49
1987-06-05,10.7,8.5
1987-06-12,10.66,8.32
1987-06-19,10.44,8.3
1987-06-26,10.35,8.37
1987-07-10,10.3,8.32
1987-07-17,10.23,8.36
1987-07-24,10.23,8.58
1987-07-31,10.27,8.66
1987-08-07,10.35,8.7
1987-08-14,10.34,8.58
1987-08-21,10.3,8.77
1987-08-28,10.33,9.02
1987-09-04,10.63,9.3
1987-09-11,10.91,9.33
1987-09-18,10.99,9.38
1987-09-25,11.02,9.53
1987-10-02,11.18,9.6
1987-10-09,11.21,9.94
1987-10-16,11.58,10.23
1987-10-23,11.36,8.98
1987-10-30,10.97,8.88
1987-11-06,10.79,8.76
1987-11-13,10.66,8.84
1987-11-20,10.6,8.79
1987-11-27,10.55,9.11
1987-12-04,10.6,8.94
1987-12-11,10.66,9.28
1987-12-18,10.69,8.89
1987-12-31,10.61,8.83
1988-01-08,10.5,8.97
1988-01-15,10.53,8.6
1988-01-22,10.34,8.49
1988-01-29,10.16,8.26
1988-02-05,9.94,8.12
1988-02-12,9.84,8.28
1988-02-19,9.92,8.26
1988-02-26,9.87,8.18
1988-03-04,9.85,8.28
1988-03-11,9.96,8.29
1988-03-18,9.92,8.41
1988-03-25,9.99,8.47
1988-04-08,10.19,8.52
1988-04-15,10.19,8.74
1988-04-22,10.3,8.78
1988-04-29,10.28,8.87
1988-05-06,10.32,9.01
1988-05-13,10.4,9.0
1988-05-20,10.52,9.22
1988-05-27,10.58,9.24
1988-06-03,10.58,8.97
1988-06-10,10.51,8.92
1988-06-17,10.35,9.02
1988-06-24,10.4,8.85
1988-07-01,10.39,8.77
1988-07-08,10.38,9.04
1988-07-15,10.44,9.08
1988-07-22,10.46,9.11
1988-07-29,10.49,9.12
1988-08-05,10.44,9.12
1988-08-12,10.57,9.36
1988-08-19,10.71,9.35
1988-08-26,10.67,9.38
1988-09-02,10.65,9.0
1988-09-09,10.53,8.93
1988-09-16,10.4,8.93
1988-09-23,10.4,8.97
1988-09-30,10.42,8.87
1988-10-07,10.38,8.7
1988-10-14,10.33,8.81
1988-10-21,10.28,8.83
1988-10-28,10.22,8.69
1988-11-04,10.12,8.85
1988-11-18,10.31,9.05
1988-11-25,10.39,9.17
1988-12-02,10.44,9.18
1988-12-09,10.46,9.07
1988-12-16,10.71,9.17
1988-12-23,10.68,9.05
1988-12-30,10.77,9.14
1989-01-06,10.8,9.25
1989-01-13,10.81,9.06
1989-01-20,10.71,9.03
1989-01-27,10.6,8.95
1989-02-03,10.55,9.01
1989-02-10,10.56,9.19
1989-02-17,10.69,9.2
1989-02-24,10.78,9.38
1989-03-03,10.91,9.31
1989-03-10,10.86,9.34
1989-03-17,10.98,9.49
1989-03-31,11.19,9.3
1989-04-07,11.07,9.27
1989-04-14,11.11,9.18
1989-04-21,10.99,9.15
1989-04-28,11.03,9.02
1989-05-05,10.97,8.99
1989-05-12,10.93,8.81
1989-05-19,10.69,8.71
1989-05-26,10.5,8.66
1989-06-02,10.48,8.43
1989-06-09,10.2,8.15
1989-06-16,10.04,8.35
1989-06-23,10.19,8.25
1989-06-30,10.07,8.1
1989-07-07,10.03,8.02
1989-07-14,9.82,8.04
1989-07-21,9.87,8.07
1989-07-28,9.81,7.87
1989-08-04,9.68,8.0
1989-08-11,9.96,8.09
1989-08-18,10.09,8.15
1989-08-25,10.21,8.21
1989-09-01,10.22,8.19
1989-09-08,10.17,8.14
1989-09-15,10.05,8.09
1989-09-22,10.03,8.22
1989-09-29,10.16,8.31
1989-10-06,10.1,8.03
1989-10-13,9.95,7.87
1989-10-20,9.92,7.98
1989-10-27,9.82,7.94
1989-11-03,9.82,7.96
1989-11-10,9.79,7.92
1989-11-17,9.72,7.88
1989-11-24,9.74,7.8
1989-12-01,9.74,7.81
1989-12-08,9.76,7.82
1989-12-15,9.75,7.8
1989-12-22,9.69,7.82
1989-12-29,9.78,7.93
1990-01-05,9.83,7.99
1990-01-12,9.8,8.1
1990-01-19,9.9,8.26
1990-01-26,10.05,8.49
1990-02-02,10.17,8.5
1990-02-09,10.21,8.31
1990-02-16,10.1,8.42
1990-02-23,10.31,8.53
1990-03-02,10.23,8.54
1990-03-09,10.29,8.65
1990-03-16,10.34,8.59
1990-03-23,10.26,8.52
1990-03-30,10.22,8.65
1990-04-06,10.26,8.56
1990-04-20,10.41,8.95
1990-04-27,10.56,9.06
1990-05-04,10.67,8.84
1990-05-11,10.54,8.64
1990-05-18,10.37,8.75
1990-05-25,10.33,8.69
1990-06-01,10.29,8.44
1990-06-08,10.1,8.46
1990-06-15,10.12,8.46
1990-06-22,10.16,8.51
1990-06-29,10.15,8.43
1990-07-06,10.06,8.51
1990-07-13,10.11,8.45
1990-07-20,9.99,8.48
1990-07-27,9.98,8.42
1990-08-03,9.84,8.43
1990-08-10,10.08,8.68
1990-08-17,10.05,8.8
1990-08-24,10.29,9.05
1990-08-31,10.24,8.86
1990-09-07,10.19,8.81
1990-09-14,10.13,8.87
1990-09-21,10.16,8.99
1990-09-28,10.22,8.82
1990-10-05,10.08,8.65
1990-10-12,10.22,8.84
1990-10-19,10.24,8.62
1990-10-26,10.17,8.63
1990-11-02,10.13,8.57
1990-11-09,10.09,8.49
1990-11-16,10.02,8.3
1990-11-23,9.93,8.28
1990-11-30,9.9,8.26
1990-12-07,9.81,8.03
1990-12-14,9.56,8.05
1990-12-21,9.64,8.11
1990-12-28,9.68,8.14
1991-01-04,9.56,8.02
1991-01-11,9.63,8.2
1991-01-18,9.75,8.03
1991-01-25,9.61,8.06
1991-02-01,9.56,7.91
1991-02-08,9.36,7.77
1991-02-15,9.25,7.78
1991-02-22,9.29,7.91
1991-03-01,9.4,8.12
1991-03-08,9.49,8.13
1991-03-15,9.5,8.1
1991-03-22,9.59,8.13
1991-04-05,9.49,7.99
1991-04-12,9.48,7.98
1991-04-19,9.47,8.1
1991-04-26,9.53,8.06
1991-05-03,9.47,8.04
1991-05-10,9.47,8.12
1991-05-17,9.5,8.08
1991-05-24,9.47,8.1
1991-05-31,9.45,8.06
1991-06-07,9.48,8.29
1991-06-14,9.66,8.29
1991-06-21,9.65,8.32
1991-06-28,9.67,8.24
1991-07-05,9.62,8.34
1991-07-12,9.64,8.26
1991-07-19,9.54,8.28
1991-07-26,9.5,8.2
1991-08-02,9.44,8.06
1991-08-09,9.27,7.98
1991-08-16,9.19,7.84
1991-08-23,9.17,7.88
1991-08-30,9.15,7.82
1991-09-06,9.14,7.76
1991-09-13,9.02,7.66
1991-09-20,8.95,7.57
1991-09-27,8.92,7.49
1991-10-04,8.87,7.39
1991-10-11,8.82,7.49
1991-10-18,8.82,7.53
1991-10-25,8.91,7.68
1991-11-01,8.78,7.48
1991-11-08,8.76,7.41
1991-11-15,8.69,7.33
1991-11-22,8.63,7.44
1991-11-29,8.7,7.38
1991-12-06,8.62,7.26
1991-12-13,8.53,7.22
1991-12-20,8.49,6.97
1991-12-27,8.35,6.82
1992-01-03,8.24,6.85
1992-01-10,8.23,6.85
1992-01-17,8.45,7.09
1992-01-24,8.56,7.25
1992-01-31,8.68,7.31
1992-02-07,8.67,7.2
1992-02-14,8.73,7.41
1992-02-21,8.82,7.45
1992-02-28,8.83,7.27
1992-03-06,8.85,7.48
1992-03-13,8.88,7.71
1992-03-20,9.03,7.64
1992-03-27,8.98,7.54
1992-04-03,8.96,7.42
1992-04-10,8.84,7.37
1992-04-24,8.85,7.55
1992-05-01,8.84,7.56
1992-05-08,8.75,7.41
1992-05-15,8.64,7.28
1992-05-22,8.53,7.35
1992-05-29,8.6,7.33
1992-06-05,8.59,7.31
1992-06-12,8.54,7.29
1992-06-19,8.48,7.24
1992-06-26,8.43,7.15
1992-07-10,8.13,6.93
1992-07-17,8.09,6.9
1992-07-24,8.08,6.73
1992-07-31,8.05,6.72
1992-08-07,8.06,6.57
1992-08-14,7.96,6.53
1992-08-21,7.87,6.53
1992-08-28,8.01,6.63
1992-09-04,7.94,6.4
1992-09-11,7.84,6.37
1992-09-18,7.89,6.41
1992-09-24,8.02,6.48
1992-10-02,7.93,6.26
1992-10-09,8.01,6.52
1992-10-16,8.06,6.6
1992-10-23,8.23,6.83
1992-10-30,8.21,6.8
1992-11-06,8.29,6.97
1992-11-13,8.32,6.82
1992-11-20,8.32,6.84
1992-11-27,8.29,6.93
1992-12-04,8.34,6.84
1992-12-11,8.23,6.8
1992-12-18,8.19,6.76
1992-12-31,8.14,6.7
1993-01-08,8.07,6.75
1993-01-15,8.04,6.6
1993-01-22,8.0,6.57
1993-01-29,7.86,6.39
1993-02-05,7.8,6.32
1993-02-12,7.75,6.35
1993-02-19,7.65,6.15
1993-02-26,7.53,6.03
1993-03-05,7.44,5.9
1993-03-12,7.47,6.11
1993-03-19,7.57,5.95
1993-03-26,7.5,6.09
1993-04-02,7.53,6.16
1993-04-16,7.45,5.89
1993-04-23,7.38,5.89
1993-04-30,7.43,6.05
1993-05-07,7.42,5.92
1993-05-14,7.42,6.03
1993-05-21,7.52,6.16
1993-05-28,7.5,6.16
1993-06-04,7.47,6.11
1993-06-11,7.48,5.97
1993-06-18,7.38,5.97
1993-06-25,7.34,5.84
1993-07-02,7.23,5.76
1993-07-09,7.19,5.76
1993-07-16,7.16,5.71
1993-07-23,7.2,5.95
1993-07-30,7.25,5.83
1993-08-06,7.21,5.86
1993-08-13,7.17,5.72
1993-08-20,7.1,5.61
1993-08-27,6.97,5.48
1993-09-03,6.93,5.31
1993-09-10,6.82,5.29
1993-09-17,6.96,5.38
1993-09-24,6.95,5.42
1993-10-01,6.89,5.34
1993-10-08,6.87,5.26
1993-10-15,6.81,5.19
1993-10-22,6.74,5.42
1993-10-29,6.86,5.43
1993-11-05,7.11,5.75
1993-11-12,7.12,5.66
1993-11-19,7.08,5.84
1993-11-26,7.31,5.78
1993-12-10,7.14,5.73
1993-12-17,7.17,5.81
1993-12-31,7.13,5.83
1994-01-07,7.23,5.7
1994-01-14,6.99,5.78
1994-01-21,7.05,5.73
1994-01-28,6.97,5.68
1994-02-04,6.97,5.94
1994-02-11,7.21,5.88
1994-02-18,7.11,6.09
1994-02-25,7.32,6.21
1994-03-04,7.51,6.38
1994-03-11,7.63,6.46
1994-03-18,7.76,6.49
1994-03-25,7.8,6.61
1994-04-08,8.47,6.94
1994-04-15,8.26,6.97
1994-04-22,8.49,6.93
1994-04-29,8.32,7.06
1994-05-06,8.53,7.35
1994-05-13,8.77,7.29
1994-05-20,8.56,7.02
1994-05-27,8.53,7.12
1994-06-03,8.55,6.98
1994-06-10,8.25,7.03
1994-06-17,8.33,7.14
1994-06-24,8.46,7.22
1994-07-01,8.57,7.34
1994-07-08,8.68,7.42
1994-07-15,8.72,7.25
1994-07-22,8.53,7.29
1994-07-29,8.57,7.12
1994-08-05,8.38,7.28
1994-08-12,8.57,7.27
1994-08-19,8.54,7.27
1994-08-26,8.56,7.24
1994-09-02,8.48,7.21
1994-09-09,8.51,7.44
1994-09-16,8.66,7.52
1994-09-23,8.73,7.57
1994-09-30,8.82,7.62
1994-10-07,8.89,7.7
1994-10-14,8.93,7.61
1994-10-21,8.85,7.81
1994-10-28,9.03,7.82
1994-11-04,9.05,8.04
1994-11-18,9.19,8.01
1994-11-25,9.25,7.8
1994-12-02,9.23,7.81
1994-12-09,9.15,7.79
1994-12-16,9.25,7.81
1994-12-23,9.18,7.85
1994-12-30,9.18,7.84
1995-01-06,9.22,7.87
1995-01-13,9.19,7.69
1995-01-20,9.05,7.82
1995-01-27,9.13,7.66
1995-02-03,8.94,7.49
1995-02-10,8.8,7.62
1995-02-17,8.84,7.43
1995-02-24,8.73,7.33
1995-03-03,8.53,7.36
1995-03-10,8.62,7.23
1995-03-17,8.38,7.12
1995-03-24,8.4,7.09
1995-03-31,8.38,7.2
1995-04-07,8.41,7.11
1995-04-21,8.24,7.01
1995-04-28,8.26,7.07
1995-05-05,8.27,6.69
1995-05-12,7.87,6.67
1995-05-19,7.83,6.61
1995-05-26,7.85,6.4
1995-06-02,7.71,6.1
1995-06-09,7.51,6.4
1995-06-16,7.55,6.21
1995-06-23,7.53,6.06
1995-06-30,7.53,6.21
1995-07-07,7.63,6.04
1995-07-14,7.41,6.15
1995-07-21,7.6,6.53
1995-07-28,7.79,6.49
1995-08-04,7.82,6.5
1995-08-11,7.8,6.59
1995-08-18,7.94,6.57
1995-08-25,7.88,6.38
1995-09-01,7.76,6.22
1995-09-08,7.63,6.24
1995-09-15,7.6,6.11
1995-09-22,7.57,6.25
1995-09-29,7.62,6.17
1995-10-06,7.57,6.06
1995-10-13,7.5,5.97
1995-10-20,7.38,6.04
1995-10-27,7.45,6.05
1995-11-03,7.44,5.94
1995-11-09,7.37,5.97
1995-11-17,7.35,5.92
1995-11-24,7.35,5.91
1995-12-01,7.33,5.71
1995-12-08,7.18,5.73
1995-12-15,7.15,5.75
1995-12-22,7.23,5.71
1995-12-29,7.11,5.58
1996-01-05,7.02,5.69
1996-01-12,7.08,5.75
1996-01-19,7.02,5.54
1996-01-26,7.0,5.65
1996-02-02,7.02,5.66
1996-02-09,7.02,5.66
1996-02-16,6.94,5.76
1996-02-23,7.32,5.97
1996-03-01,7.41,5.99
1996-03-08,7.38,6.41
1996-03-15,7.83,6.46
1996-03-22,7.81,6.32
1996-03-29,7.69,6.34
1996-04-05,7.78,6.57
1996-04-12,8.05,6.52
1996-04-19,7.95,6.53
1996-04-26,7.92,6.54
1996-05-03,7.99,6.9
1996-05-10,8.24,6.75
1996-05-17,8.08,6.65
1996-05-24,8.01,6.65
1996-05-31,8.03,6.85
1996-06-07,8.3,6.93
1996-06-14,8.39,6.95
1996-06-21,8.3,6.96
1996-06-28,8.29,6.73
1996-07-05,8.14,7.06
1996-07-12,8.42,6.85
1996-07-19,8.23,6.78
1996-07-26,8.19,6.85
1996-08-02,8.23,6.51
1996-08-09,7.88,6.5
1996-08-16,7.88,6.56
1996-08-23,7.93,6.72
1996-08-30,8.09,6.96
1996-09-06,8.34,6.94
1996-09-13,8.28,6.74
1996-09-20,8.14,6.85
1996-09-27,8.16,6.68
1996-10-04,8.06,6.48
1996-10-11,7.86,6.55
1996-10-18,7.88,6.5
1996-10-25,7.86,6.54
1996-11-01,7.78,6.38
1996-11-08,7.67,6.29
1996-11-15,7.59,6.19
1996-11-22,7.53,6.15
1996-11-29,7.52,6.06
1996-12-06,7.44,6.26
1996-12-13,7.57,6.33
1996-12-20,7.74,6.35
1996-12-27,7.64,6.3
1997-01-03,7.67,6.52
1997-01-10,7.85,6.63
1997-01-17,7.87,6.56
1997-01-24,7.85,6.64
1997-01-31,7.88,6.53
1997-02-07,7.74,6.43
1997-02-14,7.65,6.28
1997-02-21,7.56,6.36
1997-02-28,7.65,6.56
1997-03-07,7.84,6.57
1997-03-14,7.84,6.71
1997-03-21,7.94,6.74
1997-04-04,8.18,6.92
1997-04-11,8.15,6.98
1997-04-18,8.16,6.84
1997-04-25,8.08,6.94
1997-05-02,8.01,6.68
1997-05-09,7.94,6.67
1997-05-16,7.91,6.7
1997-05-23,7.92,6.74
1997-05-30,7.94,6.67
1997-06-06,7.85,6.51
1997-06-13,7.72,6.43
1997-06-20,7.61,6.37
1997-06-27,7.58,6.46
1997-07-11,7.47,6.23
1997-07-18,7.47,6.24
1997-07-25,7.43,6.18
1997-08-01,7.36,6.2
1997-08-08,7.46,6.38
1997-08-15,7.54,6.27
1997-08-22,7.46,6.38
1997-08-29,7.58,6.34
1997-09-05,7.53,6.37
1997-09-12,7.53,6.29
1997-09-19,7.38,6.09
1997-09-26,7.28,6.08
1997-10-03,7.31,6.01
1997-10-10,7.26,6.15
1997-10-17,7.34,6.17
1997-10-24,7.35,6.01
1997-10-31,7.21,5.84
1997-11-07,7.24,5.9
1997-11-14,7.23,5.86
1997-11-21,7.18,5.82
1997-11-28,7.17,5.86
1997-12-05,7.15,5.92
1997-12-12,7.17,5.74
1997-12-19,7.07,5.72
1997-12-26,6.99,5.75
1998-01-02,7.03,5.67
1998-01-09,6.94,5.4
1998-01-16,6.89,5.54
1998-01-23,6.99,5.7
1998-01-30,7.12,5.53
1998-02-06,7.03,5.62
1998-02-13,7.06,5.49
1998-02-20,6.99,5.54
1998-03-06,7.19,5.73
1998-03-13,7.16,5.58
1998-03-20,7.08,5.57
1998-03-27,7.08,5.68
1998-04-03,7.15,5.47
1998-04-17,7.17,5.59
1998-04-24,7.15,5.67
1998-05-01,7.22,5.67
1998-05-08,7.14,5.71
1998-05-15,7.19,5.68
1998-05-22,7.1,5.64
1998-05-29,7.07,5.56
1998-06-05,7.05,5.58
1998-06-12,7.04,5.43
1998-06-19,6.94,5.47
1998-06-26,6.96,5.46
1998-07-10,6.91,5.42
1998-07-17,6.94,5.51
1998-07-24,6.96,5.45
1998-07-31,6.97,5.5
1998-08-07,6.94,5.4
1998-08-14,6.91,5.4
1998-08-21,6.92,5.32
1998-08-28,6.92,5.09
1998-09-04,6.82,5.02
1998-09-11,6.77,4.85
1998-09-18,6.66,4.7
1998-09-25,6.64,4.6
1998-10-02,6.6,4.31
1998-10-09,6.49,4.77
1998-10-16,6.9,4.44
1998-10-23,6.73,4.7
1998-10-30,6.83,4.64
1998-11-06,6.89,4.93
1998-11-13,6.93,4.82
1998-11-20,6.86,4.82
1998-11-27,6.78,4.81
1998-12-04,6.71,4.62
1998-12-11,6.69,4.61
1998-12-18,6.69,4.58
1998-12-31,6.83,4.65
1999-01-08,6.79,4.86
1999-01-15,6.83,4.66
1999-01-22,6.78,4.64
1999-01-29,6.74,4.66
1999-02-05,6.75,4.94
1999-02-12,6.77,5.06
1999-02-19,6.82,5.07
1999-02-26,6.89,5.29
1999-03-05,7.06,5.34
1999-03-12,7.11,5.16
1999-03-19,7.01,5.17
1999-03-26,6.98,5.21
1999-04-02,6.98,5.2
1999-04-09,6.92,5.05
1999-04-16,6.87,5.23
1999-04-23,6.88,5.26
1999-04-30,6.93,5.36
1999-05-07,7.02,5.54
1999-05-14,7.1,5.62
1999-05-21,7.23,5.52
1999-05-28,7.23,5.64
1999-06-04,7.41,5.82
1999-06-11,7.51,6.02
1999-06-18,7.65,5.84
1999-06-25,7.63,6.02
1999-07-02,7.71,5.82
1999-07-09,7.65,5.84
1999-07-16,7.58,5.68
1999-07-23,7.52,5.84
1999-07-30,7.7,5.92
1999-08-06,7.89,6.02
1999-08-13,8.15,5.98
1999-08-20,7.93,5.88
1999-08-27,7.8,5.85
1999-09-03,7.83,5.89
1999-09-10,7.88,5.89
1999-09-17,7.82,5.87
1999-09-24,7.76,5.75
1999-10-01,7.7,6.0
1999-10-08,7.82,6.04
1999-10-15,7.85,6.09
1999-10-22,7.93,6.21
1999-10-29,7.96,6.02
1999-11-05,7.84,5.92
1999-11-12,7.67,5.93
1999-11-19,7.69,6.07
1999-11-26,7.75,6.12
1999-12-03,7.84,6.17
1999-12-10,7.84,6.08
1999-12-17,7.86,6.3
1999-12-31,8.06,6.45
2000-01-07,8.15,6.52
2000-01-14,8.18,6.69
2000-01-21,8.26,6.79
2000-01-28,8.25,6.66
2000-02-04,8.25,6.53
2000-02-11,8.36,6.63
2000-02-18,8.38,6.49
2000-02-25,8.31,6.36
2000-03-03,8.27,6.39
2000-03-10,8.23,6.39
2000-03-17,8.24,6.2
2000-03-24,8.23,6.2
2000-03-31,8.23,6.03
2000-04-07,8.2,5.86
2000-04-14,8.12,5.85
2000-04-28,8.13,6.23
2000-05-05,8.28,6.51
2000-05-12,8.52,6.51
2000-05-19,8.64,6.51
2000-05-26,8.62,6.33
2000-06-02,8.54,6.15
2000-06-09,8.32,6.13
2000-06-16,8.22,5.99
2000-06-23,8.14,6.19
2000-06-30,8.22,6.03
2000-07-07,8.16,6.01
2000-07-14,8.09,6.1
2000-07-21,8.21,6.01
2000-07-28,8.13,6.04
2000-08-04,8.12,5.91
2000-08-11,8.04,5.79
2000-08-18,7.96,5.78
2000-08-25,7.99,5.73
2000-09-01,7.96,5.68
2000-09-08,7.94,5.73
2000-09-15,7.88,5.84
2000-09-22,7.9,5.85
2000-09-29,7.88,5.8
2000-10-06,7.83,5.82
2000-10-13,7.84,5.73
2000-10-20,7.83,5.64
2000-10-27,7.68,5.72
2000-11-03,7.73,5.83
2000-11-10,7.79,5.82
2000-11-17,7.73,5.71
2000-11-24,7.73,5.63
2000-12-01,7.65,5.52
2000-12-08,7.54,5.35
2000-12-15,7.42,5.2
2000-12-22,7.17,5.02
2000-12-29,7.13,5.12
2001-01-05,7.07,4.93
2001-01-12,6.89,5.25
2001-01-19,7.02,5.19
2001-01-26,7.15,5.29
2001-02-02,7.09,5.17
2001-02-09,6.98,5.03
2001-02-16,7.01,5.11
2001-02-23,7.12,5.1
2001-03-02,7.03,4.95
2001-03-09,6.97,4.95
2001-03-16,6.96,4.78
2001-03-23,6.89,4.8
2001-03-30,6.91,4.93
2001-04-06,7.01,4.89
2001-04-20,7.14,5.29
2001-04-27,7.12,5.34
2001-05-04,7.14,5.21
2001-05-11,7.1,5.51
2001-05-18,7.14,5.41
2001-05-25,7.2,5.52
2001-06-01,7.24,5.39
2001-06-08,7.2,5.38
2001-06-15,7.14,5.27
2001-06-22,7.11,5.14
2001-06-29,7.11,5.42
2001-07-06,7.19,5.41
2001-07-13,7.21,5.27
2001-07-20,7.08,5.15
2001-07-27,7.03,5.13
2001-08-03,7.0,5.2
2001-08-10,7.0,4.99
2001-08-17,6.92,4.84
2001-08-24,6.91,4.93
2001-08-31,6.92,4.85
2001-09-07,6.89,4.8
2001-09-14,6.86,4.57
2001-09-21,6.8,4.7
2001-09-28,6.72,4.6
2001-10-05,6.64,4.52
2001-10-12,6.58,4.68
2001-10-19,6.61,4.63
2001-10-26,6.64,4.53
2001-11-02,6.56,4.37
2001-11-09,6.45,4.34
2001-11-16,6.51,4.91
2001-11-23,6.75,5.04
2001-11-30,7.02,4.78
2001-12-07,6.84,5.2
2001-12-14,7.09,5.24
2001-12-21,7.17,5.12
2001-12-28,7.16,5.15
2002-01-04,7.14,5.18
2002-01-11,7.06,4.92
2002-01-18,6.83,4.94
2002-01-25,6.96,5.1
2002-02-01,7.02,5.02
2002-02-08,6.88,4.9
2002-02-15,6.86,4.86
2002-02-22,6.81,4.84
2002-03-01,6.8,4.98
2002-03-08,6.87,5.33
2002-03-15,7.08,5.35
2002-03-22,7.14,5.4
2002-04-05,7.13,5.22
2002-04-12,6.99,5.18
2002-04-19,6.94,5.21
2002-04-26,6.88,5.08
2002-05-03,6.78,5.08
2002-05-10,6.79,5.15
2002-05-17,6.89,5.27
2002-05-24,6.81,5.16
2002-05-31,6.76,5.08
2002-06-07,6.71,5.1
2002-06-14,6.71,4.83
2002-06-21,6.63,4.79
2002-06-28,6.55,4.86
2002-07-05,6.57,4.9
2002-07-12,6.54,4.63
2002-07-19,6.49,4.61
2002-07-26,6.34,4.43
2002-08-02,6.43,4.33
2002-08-09,6.31,4.27
2002-08-16,6.22,4.32
2002-08-23,6.27,4.25
2002-08-30,6.22,4.14
2002-09-06,6.15,4.05
2002-09-13,6.18,3.92
2002-09-20,6.05,3.79
2002-09-27,5.99,3.69
2002-10-04,6.01,3.69
2002-10-11,5.98,3.83
2002-10-18,6.15,4.14
2002-10-25,6.31,4.12
2002-11-01,6.13,4.01
2002-11-08,6.11,3.85
2002-11-15,5.94,4.05
2002-11-22,6.03,4.18
2002-11-29,6.13,4.22
2002-12-06,6.19,4.09
2002-12-13,6.04,4.07
2002-12-20,6.03,3.97
2002-12-27,5.93,3.83
2003-01-03,5.85,4.05
2003-01-10,5.95,4.16
2003-01-17,5.97,4.05
2003-01-24,5.91,3.94
2003-01-31,5.9,4.0
2003-02-07,5.88,3.96
2003-02-14,5.86,3.95
2003-02-21,5.84,3.9
2003-02-28,5.79,3.71
2003-03-07,5.67,3.63
2003-03-14,5.61,3.72
2003-03-21,5.79,4.11
2003-03-28,5.91,3.92
2003-04-04,5.79,3.96
2003-04-11,5.85,4.0
2003-04-25,5.79,3.91
2003-05-02,5.7,3.94
2003-05-09,5.62,3.69
2003-05-16,5.45,3.46
2003-05-23,5.34,3.34
2003-05-30,5.31,3.37
2003-06-06,5.26,3.37
2003-06-13,5.21,3.13
2003-06-20,5.21,3.4
2003-06-27,5.24,3.58
2003-07-11,5.52,3.66
2003-07-18,5.67,4.0
2003-07-25,5.94,4.22
2003-08-01,6.14,4.44
2003-08-08,6.34,4.27
2003-08-15,6.24,4.55
2003-08-22,6.28,4.48
2003-08-29,6.32,4.45
2003-09-05,6.44,4.35
2003-09-12,6.16,4.27
2003-09-19,6.01,4.17
2003-09-26,5.98,4.04
2003-10-03,5.77,4.21
2003-10-10,5.95,4.29
2003-10-17,6.05,4.41
2003-10-24,6.05,4.24
2003-10-31,5.94,4.33
2003-11-07,5.98,4.48
2003-11-14,6.03,4.22
2003-11-21,5.83,4.15
2003-11-28,5.89,4.34
2003-12-05,6.02,4.23
2003-12-12,5.88,4.26
2003-12-19,5.82,4.15
2003-12-26,5.81,4.17
2003-12-31,5.85,4.27
2004-01-08,5.87,4.27
2004-01-15,5.66,3.99
2004-01-22,5.64,3.99
2004-01-29,5.68,4.22
2004-02-05,5.72,4.2
2004-02-12,5.66,4.1
2004-02-19,5.58,4.05
2004-02-26,5.58,4.05
2004-03-04,5.59,4.04
2004-03-11,5.41,3.74
2004-03-18,5.38,3.76
2004-03-25,5.4,3.75
2004-04-01,5.52,3.91
2004-04-08,5.79,4.21
2004-04-15,5.89,4.42
2004-04-22,5.94,4.4
2004-04-29,6.01,4.55
2004-05-06,6.12,4.63
2004-05-13,6.34,4.85
2004-05-20,6.3,4.72
2004-05-27,6.32,4.6
2004-06-03,6.28,4.71
2004-06-10,6.3,4.81
2004-06-17,6.32,4.71
2004-06-24,6.25,4.66
2004-07-01,6.21,4.57
2004-07-08,6.01,4.49
2004-07-15,6.0,4.5
2004-07-22,5.98,4.48
2004-07-29,6.08,4.6
2004-08-05,5.99,4.43
2004-08-12,5.85,4.27
2004-08-19,5.81,4.22
2004-08-26,5.82,4.22
2004-09-02,5.77,4.2
2004-09-09,5.83,4.22
2004-09-16,5.75,4.08
2004-09-23,5.7,4.02
2004-09-30,5.72,4.14
2004-10-07,5.82,4.26
2004-10-14,5.74,4.03
2004-10-21,5.69,4.01
2004-10-28,5.64,4.09
2004-11-04,5.7,4.1
2004-11-18,5.74,4.12
2004-11-24,5.72,4.2
2004-12-02,5.81,4.4
2004-12-09,5.71,4.19
2004-12-16,5.68,4.19
2004-12-22,5.75,4.21
2004-12-29,5.81,4.33
2005-01-06,5.77,4.29
2005-01-13,5.74,4.2
2005-01-20,5.67,4.17
2005-01-27,5.66,4.22
2005-02-03,5.63,4.18
2005-02-10,5.57,4.07
2005-02-17,5.62,4.19
2005-02-24,5.69,4.29
2005-03-03,5.79,4.39
2005-03-10,5.85,4.48
2005-03-17,5.95,4.47
2005-03-24,6.01,4.6
2005-03-31,6.04,4.5
2005-04-07,5.93,4.49
2005-04-14,5.91,4.37
2005-04-21,5.8,4.32
2005-04-28,5.78,4.19
2005-05-05,5.75,4.19
2005-05-12,5.77,4.18
2005-05-19,5.71,4.11
2005-05-26,5.65,4.08
2005-06-02,5.62,3.89
2005-06-09,5.56,3.98
2005-06-16,5.63,4.09
2005-06-23,5.57,3.96
2005-06-30,5.53,3.94
2005-07-07,5.62,4.05
2005-07-14,5.66,4.19
2005-07-21,5.73,4.28
2005-07-28,5.77,4.2
2005-08-04,5.82,4.32
2005-08-11,5.89,4.32
2005-08-18,5.8,4.21
2005-08-25,5.77,4.18
2005-09-01,5.71,4.02
2005-09-08,5.71,4.15
2005-09-15,5.74,4.22
2005-09-22,5.8,4.19
2005-09-29,5.91,4.29
2005-10-06,5.98,4.37
2005-10-13,6.03,4.48
2005-10-20,6.1,4.46
2005-10-27,6.15,4.57
2005-11-03,6.31,4.65
2005-11-10,6.36,4.55
2005-11-17,6.37,4.46
2005-11-23,6.28,4.47
2005-12-01,6.26,4.52
2005-12-08,6.32,4.47
2005-12-15,6.3,4.47
2005-12-22,6.26,4.44
2005-12-29,6.22,4.37
2006-01-05,6.21,4.36
2006-01-12,6.15,4.42
2006-01-19,6.1,4.38
2006-01-26,6.12,4.53
2006-02-02,6.23,4.57
2006-02-09,6.24,4.54
2006-02-16,6.28,4.59
2006-02-23,6.26,4.56
2006-03-02,6.24,4.64
2006-03-09,6.37,4.74
2006-03-16,6.34,4.65
2006-03-23,6.32,4.73
2006-03-30,6.35,4.86
2006-04-06,6.43,4.9
2006-04-13,6.49,5.05
2006-04-20,6.53,5.04
2006-04-27,6.58,5.09
2006-05-04,6.59,5.16
2006-05-11,6.58,5.14
2006-05-18,6.6,5.08
2006-05-25,6.62,5.07
2006-06-01,6.67,5.11
2006-06-08,6.62,5.0
2006-06-15,6.63,5.1
2006-06-22,6.71,5.2
2006-06-29,6.78,5.22
2006-07-06,6.79,5.19
2006-07-13,6.74,5.08
2006-07-20,6.8,5.03
2006-07-27,6.72,5.07
2006-08-03,6.63,4.96
2006-08-10,6.55,4.93
2006-08-17,6.52,4.87
2006-08-24,6.48,4.81
2006-08-31,6.44,4.74
2006-09-07,6.47,4.8
2006-09-14,6.43,4.79
2006-09-21,6.4,4.65
2006-09-28,6.31,4.63
2006-10-05,6.3,4.61
2006-10-12,6.37,4.79
2006-10-19,6.36,4.79
2006-10-26,6.4,4.73
2006-11-02,6.31,4.6
2006-11-09,6.33,4.62
2006-11-16,6.24,4.66
2006-11-22,6.18,4.57
2006-11-30,6.14,4.46
2006-12-07,6.11,4.49
2006-12-14,6.12,4.6
2006-12-21,6.13,4.55
2006-12-28,6.18,4.7
2007-01-04,6.18,4.62
2007-01-11,6.21,4.74
2007-01-18,6.23,4.75
2007-01-25,6.25,4.87
2007-02-01,6.34,4.84
2007-02-08,6.28,4.73
2007-02-15,6.3,4.7
2007-02-22,6.22,4.73
2007-03-01,6.18,4.56
2007-03-08,6.14,4.51
2007-03-15,6.14,4.54
2007-03-22,6.16,4.6
2007-03-29,6.16,4.64
2007-04-05,6.17,4.68
2007-04-12,6.22,4.74
2007-04-19,6.17,4.68
2007-04-26,6.16,4.69
2007-05-03,6.16,4.68
2007-05-10,6.15,4.65
2007-05-17,6.21,4.76
2007-05-24,6.37,4.86
2007-05-31,6.42,4.9
2007-06-07,6.53,5.11
2007-06-14,6.74,5.23
2007-06-21,6.69,5.16
2007-06-28,6.67,5.12
2007-07-05,6.63,5.16
2007-07-12,6.73,5.13
2007-07-19,6.73,5.04
2007-07-26,6.69,4.79
2007-08-02,6.68,4.77
2007-08-09,6.59,4.79
2007-08-16,6.62,4.6
2007-08-23,6.52,4.62
2007-08-30,6.45,4.51
2007-09-06,6.46,4.51
2007-09-13,6.31,4.49
2007-09-20,6.34,4.69
2007-09-27,6.42,4.58
2007-10-04,6.37,4.54
2007-10-11,6.4,4.66
2007-10-18,6.4,4.52
2007-10-25,6.33,4.37
2007-11-01,6.26,4.36
2007-11-08,6.24,4.28
2007-11-15,6.24,4.17
2007-11-21,6.2,4.0
2007-11-29,6.1,3.94
2007-12-06,5.96,4.02
2007-12-13,6.11,4.18
2007-12-20,6.14,4.04
2007-12-27,6.17,4.21
2008-01-03,6.07,3.91
2008-01-10,5.87,3.91
2008-01-17,5.69,3.66
2008-01-24,5.48,3.68
2008-01-31,5.68,3.67
2008-02-07,5.67,3.74
2008-02-14,5.72,3.85
2008-02-21,6.04,3.77
2008-02-28,6.24,3.71
2008-03-06,6.03,3.62
2008-03-13,6.13,3.56
2008-03-20,5.87,3.34
2008-03-27,5.85,3.56
2008-04-03,5.88,3.61
2008-04-10,5.88,3.55
2008-04-17,5.88,3.75
2008-04-24,6.03,3.87
2008-05-01,6.06,3.78
2008-05-08,6.05,3.79
2008-05-15,6.01,3.83
2008-05-22,5.98,3.92
2008-05-29,6.08,4.08
2008-06-05,6.09,4.06
2008-06-12,6.32,4.23
2008-06-19,6.42,4.22
2008-06-26,6.45,4.07
2008-07-03,6.35,3.99
2008-07-10,6.37,3.83
2008-07-17,6.26,4.07
2008-07-24,6.63,4.03
2008-07-31,6.52,3.99
2008-08-07,6.52,3.92
2008-08-14,6.52,3.89
2008-08-21,6.47,3.84
2008-08-28,6.4,3.79
2008-09-04,6.35,3.64
2008-09-11,5.93,3.64
2008-09-18,5.78,3.54
2008-09-25,6.09,3.88
2008-10-02,6.1,3.66
2008-10-09,5.94,3.84
2008-10-16,6.46,3.99
2008-10-23,6.04,3.63
2008-10-30,6.46,4.0
2008-11-06,6.2,3.75
2008-11-13,6.14,3.84
2008-11-20,6.04,3.1
2008-11-26,5.97,2.99
2008-12-04,5.53,2.55
2008-12-11,5.47,2.64
2008-12-18,5.19,2.08
2008-12-24,5.14,2.2
2008-12-31,5.1,2.25
2009-01-08,5.01,2.47
2009-01-15,4.96,2.23
2009-01-22,5.12,2.62
2009-01-29,5.1,2.87
2009-02-05,5.25,2.95
2009-02-12,5.16,2.75
2009-02-19,5.04,2.85
2009-02-26,5.07,2.98
2009-03-05,5.15,2.83
2009-03-12,5.03,2.89
2009-03-19,4.98,2.61
2009-03-26,4.85,2.76
2009-04-02,4.78,2.77
2009-04-09,4.87,2.96
2009-04-16,4.82,2.86
2009-04-23,4.8,2.96
2009-04-30,4.78,3.16
2009-05-07,4.84,3.29
2009-05-14,4.86,3.1
2009-05-21,4.82,3.35
2009-05-28,4.91,3.67
2009-06-04,5.29,3.72
2009-06-11,5.59,3.88
2009-06-18,5.38,3.86
2009-06-25,5.42,3.55
2009-07-02,5.32,3.51
2009-07-09,5.2,3.44
2009-07-16,5.14,3.59
2009-07-23,5.2,3.72
2009-07-30,5.25,3.67
2009-08-06,5.22,3.79
2009-08-13,5.29,3.59
2009-08-20,5.12,3.42
2009-08-27,5.14,3.47
2009-09-03,5.08,3.33
2009-09-10,5.07,3.36
2009-09-17,5.04,3.42
2009-09-24,5.04,3.4
2009-10-01,4.94,3.21
2009-10-08,4.87,3.27
2009-10-15,4.92,3.49
2009-10-22,5.0,3.44
2009-10-29,5.03,3.53
2009-11-05,4.98,3.57
2009-11-12,4.91,3.45
2009-11-19,4.83,3.35
2009-11-25,4.78,3.28
2009-12-03,4.71,3.39
2009-12-10,4.81,3.49
2009-12-17,4.94,3.5
2009-12-24,5.05,3.82
2009-12-31,5.14,3.85
2010-01-07,5.09,3.85
2010-01-14,5.06,3.76
2010-01-21,4.99,3.62
2010-01-28,4.98,3.68
2010-02-04,5.01,3.62
2010-02-11,4.97,3.73
2010-02-18,4.93,3.79
2010-02-25,5.05,3.64
2010-03-04,4.97,3.61
2010-03-11,4.95,3.73
2010-03-18,4.96,3.68
2010-03-25,4.99,3.91
2010-04-01,5.08,3.89
2010-04-08,5.21,3.91
2010-04-15,5.07,3.86
2010-04-22,5.07,3.8
2010-04-29,5.06,3.76
2010-05-06,5.0,3.41
2010-05-13,4.93,3.55
2010-05-20,4.84,3.25
2010-05-27,4.78,3.34
2010-06-03,4.79,3.39
2010-06-10,4.72,3.33
2010-06-17,4.75,3.21
2010-06-24,4.69,3.14
2010-07-01,4.58,2.96
2010-07-08,4.57,3.04
2010-07-15,4.57,3.0
2010-07-22,4.56,2.96
2010-07-29,4.54,3.03
2010-08-05,4.49,2.94
2010-08-12,4.44,2.74
2010-08-19,4.42,2.58
2010-08-26,4.36,2.5
2010-09-02,4.32,2.63
2010-09-09,4.35,2.77
2010-09-16,4.37,2.77
2010-09-23,4.37,2.56
2010-09-30,4.32,2.53
2010-10-07,4.27,2.41
2010-10-14,4.19,2.52
2010-10-21,4.21,2.57
2010-10-28,4.23,2.69
2010-11-04,4.24,2.53
2010-11-18,4.39,2.9
2010-11-24,4.4,2.93
2010-12-02,4.46,3.01
2010-12-09,4.61,3.23
2010-12-16,4.83,3.47
2010-12-23,4.81,3.41
2010-12-30,4.86,3.38
2011-01-06,4.77,3.44
2011-01-13,4.71,3.34
2011-01-20,4.74,3.47
2011-01-27,4.8,3.42
2011-02-03,4.81,3.58
2011-02-10,5.05,3.7
2011-02-17,5.0,3.58
2011-02-24,4.95,3.46
2011-03-03,4.87,3.58
2011-03-10,4.88,3.37
2011-03-17,4.76,3.25
2011-03-24,4.81,3.42
2011-03-31,4.86,3.47
2011-04-07,4.87,3.58
2011-04-14,4.91,3.51
2011-04-21,4.8,3.42
2011-04-28,4.78,3.34
2011-05-05,4.71,3.18
2011-05-12,4.63,3.22
2011-05-19,4.61,3.17
2011-05-26,4.6,3.07
2011-06-02,4.55,3.04
2011-06-09,4.49,3.01
2011-06-16,4.5,2.93
2011-06-23,4.5,2.93
2011-06-30,4.51,3.18
2011-07-07,4.6,3.17
2011-07-14,4.51,2.98
2011-07-21,4.52,3.03
2011-07-28,4.55,2.98
2011-08-04,4.39,2.47
2011-08-11,4.32,2.34
2011-08-18,4.15,2.08
2011-08-25,4.22,2.23
2011-09-01,4.22,2.15
2011-09-08,4.12,2.0
2011-09-15,4.09,2.09
2011-09-22,4.09,1.72
2011-09-29,4.01,1.99
2011-10-06,3.94,2.01
2011-10-13,4.12,2.19
2011-10-20,4.11,2.2
2011-10-27,4.1,2.42
2011-11-03,4.0,2.09
2011-11-10,3.99,2.04
2011-11-17,4.0,1.96
2011-11-23,3.98,1.89
2011-12-01,4.0,2.11
2011-12-08,3.99,1.99
2011-12-15,3.94,1.92
2011-12-22,3.91,1.97
2011-12-29,3.95,1.91
2012-01-05,3.91,2.02
2012-01-12,3.89,1.94
2012-01-19,3.88,2.01
2012-01-26,3.98,1.96
2012-02-02,3.87,1.86
2012-02-09,3.87,2.04
2012-02-16,3.87,1.99
2012-02-23,3.95,1.99
2012-03-01,3.9,2.03
2012-03-08,3.88,2.03
2012-03-15,3.92,2.29
2012-03-22,4.08,2.29
2012-03-29,3.99,2.18
2012-04-05,3.98,2.19
2012-04-12,3.88,2.08
2012-04-19,3.9,1.98
2012-04-26,3.88,1.98
2012-05-03,3.84,1.96
2012-05-10,3.83,1.89
2012-05-17,3.79,1.7
2012-05-24,3.78,1.77
2012-05-31,3.75,1.59
2012-06-07,3.67,1.66
2012-06-14,3.71,1.64
2012-06-21,3.66,1.63
2012-06-28,3.66,1.6
2012-07-05,3.62,1.62
2012-07-12,3.56,1.5
2012-07-19,3.53,1.54
2012-07-26,3.49,1.45
2012-08-02,3.55,1.51
2012-08-09,3.59,1.69
2012-08-16,3.62,1.83
2012-08-23,3.66,1.68
2012-08-30,3.59,1.63
2012-09-06,3.55,1.68
2012-09-13,3.55,1.75
2012-09-20,3.49,1.8
2012-09-27,3.4,1.66
2012-10-04,3.36,1.7
2012-10-11,3.39,1.7
2012-10-18,3.37,1.86
2012-10-25,3.41,1.86
2012-11-01,3.39,1.75
2012-11-08,3.4,1.62
2012-11-15,3.34,1.58
2012-11-21,3.31,1.69
2012-11-29,3.32,1.62
2012-12-06,3.34,1.59
2012-12-13,3.32,1.74
2012-12-20,3.37,1.81
2012-12-27,3.35,1.74
2013-01-03,3.34,1.92
2013-01-10,3.4,1.91
2013-01-17,3.38,1.89
2013-01-24,3.42,1.88
2013-01-31,3.53,2.02
2013-02-07,3.53,1.99
2013-02-14,3.53,2.0
2013-02-21,3.56,1.99
2013-02-28,3.51,1.89
2013-03-07,3.52,2.0
2013-03-14,3.63,2.04
2013-03-21,3.54,1.95
2013-03-28,3.57,1.87
2013-04-04,3.54,1.78
2013-04-11,3.43,1.82
2013-04-18,3.41,1.72
2013-04-25,3.4,1.74
2013-05-02,3.35,1.66
2013-05-09,3.42,1.81
2013-05-16,3.51,1.87
2013-05-23,3.59,2.02
2013-05-30,3.81,2.13
2013-06-06,3.91,2.08
2013-06-13,3.98,2.19
2013-06-20,3.93,2.41
2013-06-27,4.46,2.49
2013-07-03,4.29,2.52
2013-07-11,4.51,2.6
2013-07-18,4.37,2.56
2013-07-25,4.31,2.61
2013-08-01,4.39,2.74
2013-08-08,4.4,2.58
2013-08-15,4.4,2.77
2013-08-22,4.58,2.9
2013-08-29,4.51,2.75
2013-09-05,4.57,2.98
2013-09-12,4.57,2.92
2013-09-19,4.5,2.76
2013-09-26,4.32,2.66
2013-10-03,4.22,2.62
2013-10-10,4.23,2.71
2013-10-17,4.28,2.61
2013-10-24,4.13,2.53
2013-10-31,4.1,2.57
2013-11-07,4.16,2.63
2013-11-14,4.35,2.69
2013-11-21,4.22,2.79
2013-11-27,4.29,2.74
2013-12-05,4.46,2.88
2013-12-12,4.42,2.89
2013-12-19,4.47,2.94
2013-12-26,4.48,3.0
2014-01-02,4.53,3.0
2014-01-09,4.51,2.97
2014-01-16,4.41,2.86
2014-01-23,4.39,2.79
2014-01-30,4.32,2.72
2014-02-06,4.23,2.73
2014-02-13,4.28,2.73
2014-02-20,4.33,2.76
2014-02-27,4.37,2.65
2014-03-06,4.28,2.74
2014-03-13,4.37,2.66
2014-03-20,4.32,2.79
2014-03-27,4.4,2.69
2014-04-03,4.41,2.8
2014-04-10,4.34,2.65
2014-04-17,4.27,2.73
2014-04-24,4.33,2.7
2014-05-01,4.29,2.63
2014-05-08,4.21,2.61
2014-05-15,4.2,2.5
2014-05-22,4.14,2.56
2014-05-29,4.12,2.45
2014-06-05,4.14,2.59
2014-06-12,4.2,2.58
2014-06-19,4.17,2.64
2014-06-26,4.14,2.53
2014-07-03,4.12,2.65
2014-07-10,4.15,2.55
2014-07-17,4.13,2.47
2014-07-24,4.13,2.52
2014-07-31,4.12,2.58
2014-08-07,4.14,2.43
2014-08-14,4.12,2.4
2014-08-21,4.1,2.41
2014-08-28,4.1,2.34
2014-09-04,4.1,2.45
2014-09-11,4.12,2.54
2014-09-18,4.23,2.63
2014-09-25,4.2,2.52
2014-10-02,4.19,2.44
2014-10-09,4.12,2.34
2014-10-16,3.97,2.17
2014-10-23,3.92,2.29
2014-10-30,3.98,2.32
2014-11-06,4.02,2.39
2014-11-13,4.01,2.35
2014-11-20,3.99,2.34
2014-11-26,3.97,2.24
2014-12-04,3.89,2.25
2014-12-11,3.93,2.19
2014-12-18,3.8,2.22
2014-12-24,3.83,2.27
2014-12-31,3.87,2.17
2015-01-08,3.73,2.03
2015-01-15,3.66,1.77
2015-01-22,3.63,1.9
2015-01-29,3.66,1.77
2015-02-05,3.59,1.83
2015-02-12,3.69,1.99
2015-02-19,3.76,2.11
2015-02-26,3.8,2.03
2015-03-05,3.75,2.11
2015-03-12,3.86,2.1
2015-03-19,3.78,1.98
2015-03-26,3.69,2.01
2015-04-02,3.7,1.92
2015-04-09,3.66,1.97
2015-04-16,3.67,1.9
2015-04-23,3.65,1.96
2015-04-30,3.68,2.05
2015-05-07,3.8,2.18
2015-05-14,3.85,2.23
2015-05-21,3.84,2.19
2015-05-28,3.87,2.13
2015-06-04,3.87,2.31
2015-06-11,4.04,2.39
2015-06-18,4.0,2.35
2015-06-25,4.02,2.4
2015-07-02,4.08,2.4
2015-07-09,4.04,2.32
2015-07-16,4.09,2.36
2015-07-23,4.04,2.28
2015-07-30,3.98,2.28
2015-08-06,3.91,2.23
2015-08-13,3.94,2.19
2015-08-20,3.93,2.09
2015-08-27,3.84,2.18
2015-09-03,3.89,2.18
2015-09-10,3.9,2.23
2015-09-17,3.91,2.21
2015-09-24,3.86,2.13
2015-10-01,3.85,2.05
2015-10-08,3.76,2.12
2015-10-15,3.82,2.04
2015-10-22,3.79,2.04
2015-10-29,3.76,2.19
2015-11-05,3.87,2.26
2015-11-12,3.98,2.32
2015-11-19,3.97,2.24
2015-11-25,3.95,2.23
2015-12-03,3.93,2.33
2015-12-10,3.95,2.24
2015-12-17,3.97,2.24
2015-12-24,3.96,2.25
2015-12-31,4.01,2.27
2016-01-07,3.97,2.16
2016-01-14,3.92,2.1
2016-01-21,3.81,2.02
2016-01-28,3.79,2.0
2016-02-04,3.72,1.87
2016-02-11,3.65,1.63
2016-02-18,3.65,1.75
2016-02-25,3.62,1.71
2016-03-03,3.64,1.83
2016-03-10,3.68,1.93
2016-03-17,3.73,1.91
2016-03-24,3.71,1.91
2016-03-31,3.71,1.78
2016-04-07,3.59,1.7
2016-04-14,3.58,1.8
2016-04-21,3.59,1.88
2016-04-28,3.66,1.84
2016-05-05,3.61,1.76
2016-05-12,3.57,1.75
2016-05-19,3.58,1.85
2016-05-26,3.64,1.83
2016-06-02,3.66,1.81
2016-06-09,3.6,1.68
2016-06-16,3.54,1.57
2016-06-23,3.56,1.74
2016-06-30,3.48,1.49
2016-07-07,3.41,1.4
2016-07-14,3.42,1.53
2016-07-21,3.45,1.57
2016-07-28,3.48,1.52
2016-08-04,3.43,1.51
2016-08-11,3.45,1.57
2016-08-18,3.43,1.53
2016-08-25,3.43,1.58
2016-09-01,3.46,1.57
2016-09-08,3.44,1.61
2016-09-15,3.5,1.71
2016-09-22,3.48,1.63
2016-09-29,3.42,1.56
2016-10-06,3.42,1.75
2016-10-13,3.47,1.75
2016-10-20,3.52,1.76
2016-10-27,3.47,1.85
2016-11-03,3.54,1.82
2016-11-10,3.57,2.15
2016-11-17,3.94,2.29
2016-11-23,4.03,2.36
2016-12-01,4.08,2.45
2016-12-08,4.13,2.4
2016-12-15,4.16,2.6
2016-12-22,4.3,2.55
2016-12-29,4.32,2.49
2017-01-05,4.2,2.37
2017-01-12,4.12,2.36
2017-01-19,4.09,2.47
2017-01-26,4.19,2.51
2017-02-02,4.19,2.48
2017-02-09,4.17,2.4
2017-02-16,4.15,2.45
2017-02-23,4.16,2.38
2017-03-02,4.1,2.49
2017-03-09,4.21,2.6
2017-03-16,4.3,2.53
2017-03-23,4.23,2.41
2017-03-30,4.14,2.42
2017-04-06,4.1,2.34
2017-04-13,4.08,2.24
2017-04-20,3.97,2.24
2017-04-27,4.03,2.3
2017-05-04,4.02,2.36
2017-05-11,4.05,2.39
2017-05-18,4.02,2.23
2017-05-25,3.95,2.25
2017-06-01,3.94,2.21
2017-06-08,3.89,2.19
2017-06-15,3.91,2.16
2017-06-22,3.9,2.15
2017-06-29,3.88,2.27
2017-07-06,3.96,2.37
2017-07-13,4.03,2.35
2017-07-20,3.96,2.27
2017-07-27,3.92,2.32
2017-08-03,3.93,2.24
2017-08-10,3.9,2.2
2017-08-17,3.89,2.19
2017-08-24,3.86,2.19
2017-08-31,3.82,2.12
2017-09-07,3.78,2.05
2017-09-14,3.78,2.2
2017-09-21,3.83,2.27
2017-09-28,3.83,2.31
2017-10-05,3.85,2.35
2017-10-12,3.91,2.33
2017-10-19,3.88,2.33
2017-10-26,3.94,2.46
2017-11-02,3.94,2.35
2017-11-09,3.9,2.33
2017-11-16,3.95,2.37
2017-11-22,3.92,2.32
2017-11-30,3.9,2.42
2017-12-07,3.94,2.37
2017-12-14,3.93,2.35
2017-12-21,3.94,2.48
2017-12-28,3.99,2.43
2018-01-04,3.95,2.46
2018-01-11,3.99,2.54
2018-01-18,4.04,2.62
2018-01-25,4.15,2.63
2018-02-01,4.22,2.78
2018-02-08,4.32,2.85
2018-02-15,4.38,2.9
2018-02-22,4.4,2.92
2018-03-01,4.43,2.81
2018-03-08,4.46,2.86
2018-03-15,4.44,2.82
2018-03-22,4.45,2.83
2018-03-29,4.44,2.74
2018-04-05,4.4,2.83
2018-04-12,4.42,2.83
2018-04-19,4.47,2.92
2018-04-26,4.58,3.0
2018-05-03,4.55,2.94
2018-05-10,4.55,2.97
2018-05-17,4.61,3.11
2018-05-24,4.66,2.98
2018-05-31,4.56,2.83
2018-06-07,4.54,2.93
2018-06-14,4.62,2.94
2018-06-21,4.57,2.9
2018-06-28,4.55,2.84
2018-07-05,4.52,2.84
2018-07-12,4.53,2.85
2018-07-19,4.52,2.84
2018-07-26,4.54,2.98
2018-08-02,4.6,2.98
2018-08-09,4.59,2.93
2018-08-16,4.53,2.87
2018-08-23,4.51,2.82
2018-08-30,4.52,2.86
2018-09-06,4.54,2.88
2018-09-13,4.6,2.97
2018-09-20,4.65,3.07
2018-09-27,4.72,3.06
2018-10-04,4.71,3.19
2018-10-11,4.9,3.14
2018-10-18,4.85,3.17
2018-10-25,4.86,3.14
2018-11-01,4.83,3.14
2018-11-08,4.94,3.24
2018-11-15,4.94,3.11
2018-11-21,4.81,3.06
2018-11-29,4.81,3.03
2018-12-06,4.75,2.87
2018-12-13,4.63,2.91
2018-12-20,4.62,2.79
2018-12-27,4.55,2.77
2019-01-03,4.51,2.56
2019-01-10,4.45,2.74
2019-01-17,4.45,2.75
2019-01-24,4.45,2.72
2019-01-31,4.46,2.63
2019-02-07,4.41,2.65
2019-02-14,4.37,2.66
2019-02-21,4.35,2.69
2019-02-28,4.35,2.73
2019-03-07,4.41,2.64
2019-03-14,4.31,2.63
2019-03-21,4.28,2.54
2019-03-28,4.06,2.39
2019-04-04,4.08,2.51
2019-04-11,4.12,2.51
2019-04-18,4.17,2.57
2019-04-25,4.2,2.54
2019-05-02,4.14,2.55
2019-05-09,4.1,2.45
2019-05-16,4.07,2.4
2019-05-23,4.06,2.31
2019-05-30,3.99,2.22
2019-06-06,3.82,2.12
2019-06-13,3.82,2.1
2019-06-20,3.84,2.01
2019-06-27,3.73,2.01
2019-07-03,3.75,1.96
2019-07-11,3.75,2.13
2019-07-18,3.81,2.04
2019-07-25,3.75,2.08
2019-08-01,3.75,1.9
2019-08-08,3.6,1.72
2019-08-15,3.6,1.52
2019-08-22,3.55,1.62
2019-08-29,3.58,1.5
2019-09-05,3.49,1.57
2019-09-12,3.56,1.79
2019-09-19,3.73,1.79
2019-09-26,3.64,1.7
2019-10-03,3.65,1.54
2019-10-10,3.57,1.67
2019-10-17,3.69,1.76
2019-10-24,3.75,1.77
2019-10-31,3.78,1.69
2019-11-07,3.69,1.92
2019-11-14,3.75,1.82
2019-11-21,3.66,1.77
2019-11-27,3.68,1.77
2019-12-05,3.68,1.8
2019-12-12,3.73,1.9
2019-12-19,3.73,1.92
2019-12-26,3.74,1.9
2020-01-02,3.72,1.88
2020-01-09,3.64,1.85
2020-01-16,3.65,1.81
2020-01-23,3.6,1.74
2020-01-30,3.51,1.57
2020-02-06,3.45,1.65
2020-02-13,3.47,1.61
2020-02-20,3.49,1.52
2020-02-27,3.45,1.3
2020-03-05,3.29,0.92
2020-03-12,3.36,0.88
2020-03-19,3.65,1.12
2020-03-26,3.5,0.83
2020-04-02,3.33,0.63
2020-04-09,3.33,0.73
2020-04-16,3.31,0.61
2020-04-23,3.33,0.61
2020-04-30,3.23,0.64
2020-05-07,3.26,0.63
2020-05-14,3.28,0.63
2020-05-21,3.24,0.68
2020-05-28,3.15,0.7
2020-06-04,3.18,0.82
2020-06-11,3.21,0.66
2020-06-18,3.13,0.71
2020-06-25,3.13,0.68
2020-07-02,3.07,0.68
2020-07-09,3.03,0.62
2020-07-16,2.98,0.62
2020-07-23,3.01,0.59
2020-07-30,2.99,0.55
2020-08-06,2.88,0.55
2020-08-13,2.96,0.71
2020-08-20,2.99,0.65
2020-08-27,2.91,0.74
2020-09-03,2.93,0.63
2020-09-10,2.86,0.68
2020-09-17,2.87,0.69
2020-09-24,2.9,0.67
2020-10-01,2.88,0.68
2020-10-08,2.87,0.78
2020-10-15,2.81,0.74
2020-10-22,2.8,0.87
2020-10-29,2.81,0.85
2020-11-05,2.78,0.79
2020-11-12,2.84,0.88
2020-11-19,2.72,0.86
2020-11-25,2.72,0.88
2020-12-03,2.71,0.92
2020-12-10,2.71,0.92
2020-12-17,2.67,0.94
2020-12-24,2.66,0.94
2020-12-31,2.67,0.93
2021-01-07,2.65,1.08
2021-01-14,2.79,1.15
2021-01-21,2.77,1.12
2021-01-28,2.73,1.07
2021-02-04,2.73,1.15
2021-02-11,2.73,1.16
2021-02-18,2.81,1.29
2021-02-25,2.97,1.54
2021-03-04,3.02,1.54
2021-03-11,3.05,1.54
2021-03-18,3.09,1.71
2021-03-25,3.17,1.63
2021-04-01,3.18,1.69
2021-04-08,3.13,1.64
2021-04-15,3.04,1.56
2021-04-22,2.97,1.57
2021-04-29,2.98,1.65
2021-05-06,2.96,1.58
2021-05-13,2.94,1.66
2021-05-20,3.0,1.63
2021-05-27,2.95,1.61
2021-06-03,2.99,1.63
2021-06-10,2.96,1.45
2021-06-17,2.93,1.52
2021-06-24,3.02,1.49
2021-07-01,2.98,1.48
2021-07-08,2.9,1.3
2021-07-15,2.88,1.31
2021-07-22,2.78,1.27
2021-07-29,2.8,1.28
2021-08-05,2.77,1.23
2021-08-12,2.87,1.36
2021-08-19,2.86,1.24
2021-08-26,2.87,1.34
2021-09-02,2.87,1.29
2021-09-09,2.88,1.3
2021-09-16,2.86,1.34
2021-09-23,2.88,1.41
2021-09-30,3.01,1.52
2021-10-07,2.99,1.58
